VENDORID,Vendor Name,Vendor Owner,GL Account,Created Time,Modified Time
15000000,Shui Tom,David Love,Sales-Software,"09 Sep, 2020 04:32:27","23 Mar, 2021 02:34:37"
15000001,Richard Agassi,Harold Pawlan,Interest-Income,"18 Mar, 2020 10:15:36","25 Apr, 2020 01:36:55"
15000002,Jency Johnah,Pete Zachariah,Sales-Hardware,"06 Jul, 2019 10:18:52","19 Jul, 2019 07:49:19"
15000003,Michael Moore,Tina Thomas,Sales-Hardware,"15 Apr, 2020 10:35:53","01 Nov, 2020 03:18:53"
15000004,Leena Mary,Thomas Mondrake,,"27 Nov, 2020 02:43:48","21 Jan, 2021 11:11:24"
15000005,Immaculate Anita,Lazar Mathew,Sales-Software,"19 Nov, 2020 11:07:46","26 Feb, 2021 12:38:03"
15000006,Patrick O'Brill,Santa Cruz Clara,,"16 Apr, 2021 08:09:25","18 Apr, 2021 01:31:28"
15000007,Venus Powell,Pete Zachariah,Interest-Income,"04 Nov, 2019 09:27:30","24 Nov, 2020 12:44:08"
15000008,Steven Gerrard,Roger Terrence,Rental-Income,"24 Jan, 2021 08:21:57","03 Feb, 2021 07:35:07"
15000009,Vincent Herbert,Harold Pawlan,,"25 Jan, 2021 04:26:47","13 Apr, 2021 06:49:32"
15000010,Joseph Cairn,Lazar Mathew,,"04 Jan, 2020 11:08:30","22 Mar, 2020 10:24:40"
15000011,Joseph Cairn,Thomas Mondrake,,"30 Aug, 2019 05:13:15","05 Dec, 2020 03:26:30"
15000012,Joseph Aaron,Tina Thomas,Sales-Hardware,"26 Feb, 2021 10:05:05","02 Apr, 2021 03:45:49"
15000013,Mary Elizabeth,Jasmine Frank,Sales-Software,"03 May, 2019 02:01:47","13 Mar, 2021 10:08:30"
15000014,Thomas Mondrake,Tina Thomas,Sales-Software,"03 Sep, 2019 05:16:05","03 Jul, 2020 02:14:05"
15000015,Rhino Augustus,Santa Cruz Clara,,"25 Jun, 2020 02:16:07","29 Dec, 2020 11:26:46"
15000016,Venus Powell,Lazar Mathew,Sales-Software,"08 Jun, 2019 05:09:18","27 Aug, 2019 12:00:42"
15000017,Hilary Holden,Lazar Mathew,Rental-Income,"05 Feb, 2021 05:30:49","19 Feb, 2021 01:43:04"
15000018,Immaculate Anita,Augustine Paul,Interest-Income,"24 Jun, 2019 05:02:50","02 Dec, 2019 05:48:52"
15000019,Catherine Rose,Tina Thomas,Interest-Income,"21 Dec, 2020 02:22:21","26 Feb, 2021 02:40:09"
15000020,Steven Roelle,Santa Cruz Clara,Rental-Income,"28 Dec, 2019 03:15:46","29 Mar, 2020 06:31:50"
15000021,Peter Brian,Tina Thomas,Rental-Income,"01 Jan, 2020 08:37:50","16 Apr, 2020 07:52:46"
15000022,Joseph Cairn,Tina Thomas,Interest-Income,"08 Jan, 2020 03:40:22","23 Jun, 2020 12:12:25"
15000023,Steven Roelle,Santa Cruz Clara,Sales-Hardware,"27 Sep, 2019 03:19:51","28 Oct, 2020 12:53:08"
15000024,Sheri Gordon,Santa Cruz Clara,Sales-Software,"29 Jan, 2020 08:34:30","20 Sep, 2020 08:20:32"
15000025,Peter McVee,Tina Thomas,Rental-Income,"22 Dec, 2019 01:14:18","20 Apr, 2020 01:10:46"
15000026,Michael Angelo,Jasmine Frank,,"14 Nov, 2020 06:59:42","04 Feb, 2021 12:57:37"
15000027,Joseph Cairn,Santa Cruz Clara,Sales-Hardware,"07 Jan, 2021 03:03:00","24 Jan, 2021 05:07:13"
15000028,Jency Johnah,Augustine Paul,Sales-Software,"24 Jun, 2020 09:34:54","01 Sep, 2020 01:00:06"
15000029,Vincent Herbert,Pete Zachariah,Rental-Income,"12 Aug, 2019 04:05:52","08 Mar, 2020 07:18:51"
15000030,Sheri Gordon,Lazar Mathew,Sales-Hardware,"30 Jul, 2019 07:07:34","20 Mar, 2021 11:04:18"
15000031,Barbara Fisher,Roger Terrence,Rental-Income,"07 Feb, 2020 11:28:31","07 Dec, 2020 09:18:40"
15000032,Joseph Cairn,Thomas Mondrake,,"11 Apr, 2019 06:18:25","30 Dec, 2019 11:27:02"
15000033,Steven Roelle,David Love,,"24 Sep, 2019 03:14:42","18 Oct, 2019 08:58:10"
15000034,Susan Juliet,Lazar Mathew,Sales-Hardware,"10 Jun, 2020 06:28:00","31 Mar, 2021 05:03:59"
15000035,Venus Powell,Thomas Mondrake,Sales-Software,"13 Apr, 2020 06:24:14","29 Oct, 2020 07:21:33"
15000036,Rhino Augustus,Thomas Mondrake,Rental-Income,"08 Feb, 2021 02:00:21","15 Feb, 2021 01:46:17"
15000037,Rhino Augustus,Jasmine Frank,Sales-Hardware,"10 Jul, 2019 12:30:17","23 Nov, 2020 06:22:39"
15000038,Lazar Mathew,Santa Cruz Clara,Interest-Income,"26 Apr, 2019 12:26:41","20 Mar, 2020 09:48:36"
15000039,Paul Adams,Thomas Mondrake,Sales-Hardware,"27 Aug, 2019 08:16:19","29 Sep, 2019 08:25:58"
15000040,Munaf Patel,Jasmine Frank,Sales-Hardware,"24 Mar, 2021 06:54:10","12 Apr, 2021 11:53:38"
15000041,David Flashing,Santa Cruz Clara,Sales-Hardware,"16 Jun, 2020 05:31:47","26 Mar, 2021 07:06:47"
15000042,Mike Ballack,Jasmine Frank,Sales-Software,"13 Sep, 2020 01:25:39","30 Dec, 2020 05:53:04"
15000043,Grace Kelly,Santa Cruz Clara,Sales-Software,"22 Aug, 2020 11:59:08","26 Nov, 2020 08:32:36"
15000044,Patrick O'Brill,Pete Zachariah,,"11 Dec, 2019 11:53:53","16 Oct, 2020 09:16:06"
15000045,Barbara Fisher,Harold Pawlan,Sales-Hardware,"01 Sep, 2020 12:30:36","03 Mar, 2021 04:14:50"
15000046,Tina Thomas,Tina Thomas,Sales-Hardware,"10 Sep, 2019 04:55:48","13 Nov, 2019 12:22:48"
15000047,Ian Fleming,Pete Zachariah,Rental-Income,"16 Nov, 2019 05:33:38","09 Dec, 2019 10:42:00"
15000048,Thomas Mondrake,Tina Thomas,Rental-Income,"18 Jul, 2019 09:33:17","23 Oct, 2020 12:58:34"
15000049,Immaculate Anita,Thomas Mondrake,Interest-Income,"23 Nov, 2019 08:58:52","13 Dec, 2020 06:07:59"
15000050,Joseph Aaron,Harold Pawlan,,"01 Jun, 2020 11:06:20","18 Aug, 2020 04:49:09"
15000051,Ian Fleming,Augustine Paul,,"11 Feb, 2020 11:15:06","19 Apr, 2020 10:58:28"
15000052,Harold Pawlan,Jasmine Frank,Sales-Hardware,"05 Aug, 2019 12:54:28","29 Sep, 2020 08:04:09"
15000053,David Flashing,Roger Terrence,Sales-Software,"04 Dec, 2020 05:58:45","18 Dec, 2020 06:33:17"
15000054,Vincent Herbert,David Love,Interest-Income,"02 Jun, 2020 08:32:39","16 Mar, 2021 04:22:52"
15000055,Immaculate Anita,Augustine Paul,Interest-Income,"30 Oct, 2020 12:54:00","05 Nov, 2020 03:12:56"
15000056,Leena Mary,Augustine Paul,Interest-Income,"12 Oct, 2020 01:25:57","25 Nov, 2020 09:47:56"
15000057,David Flashing,Lazar Mathew,,"29 Dec, 2019 10:00:19","08 Dec, 2020 06:00:11"
15000058,Mike Ballack,Thomas Mondrake,,"14 May, 2019 02:53:39","09 Oct, 2019 06:46:33"
15000059,Peter Brian,Lazar Mathew,,"11 Dec, 2019 10:51:32","14 Feb, 2020 06:24:19"
15000060,Pete Zachriah,David Love,Rental-Income,"06 Aug, 2019 01:32:05","15 May, 2020 06:46:31"
15000061,Grace Kelly,Thomas Mondrake,Interest-Income,"18 Dec, 2019 05:43:49","30 Jun, 2020 02:52:19"
15000062,Helen Magadalene,Santa Cruz Clara,Interest-Income,"17 Apr, 2021 04:43:36","18 Apr, 2021 04:41:52"
15000063,Mary Elizabeth,Santa Cruz Clara,Interest-Income,"19 Jan, 2021 03:32:27","19 Feb, 2021 08:42:14"
15000064,Mike Ballack,Tina Thomas,Rental-Income,"16 Apr, 2021 09:30:45","17 Apr, 2021 11:25:35"
15000065,Joseph Aaron,Tina Thomas,,"17 Feb, 2021 06:34:33","10 Mar, 2021 06:30:14"
15000066,Dean Jones,Jasmine Frank,Sales-Software,"06 Jul, 2020 02:46:19","30 Mar, 2021 01:21:15"
15000067,Mary Zewe,Roger Terrence,Sales-Software,"27 Jul, 2020 08:55:37","13 Jan, 2021 06:52:27"
15000068,Shui Tom,Pete Zachariah,,"20 Oct, 2019 05:10:44","08 Feb, 2021 01:46:48"
15000069,Rhino Augustus,Pete Zachariah,Rental-Income,"09 May, 2020 08:00:13","11 Oct, 2020 12:14:47"
15000070,Steven Gerrard,Lazar Mathew,,"19 Nov, 2020 01:45:09","02 Mar, 2021 07:21:22"
15000071,David Love,Roger Terrence,Sales-Hardware,"25 Jan, 2021 04:52:58","08 Feb, 2021 12:15:01"
15000072,Maxwell Schwartz,Lazar Mathew,,"01 Jan, 2020 11:45:32","05 Apr, 2021 06:36:14"
15000073,Catherine Jordan,Tina Thomas,Rental-Income,"31 Mar, 2021 04:19:04","03 Apr, 2021 05:18:01"
15000074,Tina Thomas,Thomas Mondrake,Sales-Hardware,"13 Jun, 2020 10:55:34","27 Mar, 2021 11:25:04"
15000075,Rozario Diego,Roger Terrence,,"03 Oct, 2019 02:44:30","14 May, 2020 05:21:56"
15000076,Vincent Herbert,Tina Thomas,,"07 May, 2019 11:09:12","09 Jun, 2020 10:11:17"
15000077,Benjamin Ross,David Love,,"29 Nov, 2019 03:29:28","07 Jan, 2020 01:24:48"
15000078,Harold Pawlan,Tina Thomas,Sales-Software,"14 May, 2020 08:52:20","11 Mar, 2021 05:31:28"
15000079,Venus Powell,Thomas Mondrake,Rental-Income,"02 Jun, 2019 07:01:59","14 Jul, 2019 02:17:26"
15000080,Barbara Fisher,Roger Terrence,Sales-Hardware,"22 Mar, 2021 12:04:27","02 Apr, 2021 01:25:13"
15000081,Maxwell Schwartz,Lazar Mathew,,"11 Dec, 2020 04:39:26","07 Mar, 2021 05:52:17"
15000082,Lela Donovan,Roger Terrence,Interest-Income,"06 Sep, 2019 05:40:27","17 Nov, 2020 04:45:44"
15000083,Vincent Herbert,Augustine Paul,,"18 Dec, 2019 10:08:09","19 Dec, 2020 07:01:26"
15000084,Immaculate Anita,Rozario Diego,,"27 Jun, 2020 02:58:03","15 Jul, 2020 04:41:47"
15000085,Florence Joy,Tina Thomas,Interest-Income,"25 Aug, 2020 09:47:46","23 Jan, 2021 07:40:05"
15000086,Lazar Mathew,Harold Pawlan,Sales-Software,"05 Mar, 2021 04:51:05","19 Mar, 2021 12:27:06"
15000087,Mary Zewe,Tina Thomas,Interest-Income,"22 Jun, 2020 08:07:56","13 Dec, 2020 01:25:01"
15000088,Steven Gerrard,Pete Zachariah,Interest-Income,"06 May, 2020 08:45:24","02 Feb, 2021 08:21:49"
15000089,Susan Juliet,Augustine Paul,Rental-Income,"17 Apr, 2019 04:30:33","07 Mar, 2021 11:23:17"
15000090,Susan Juliet,David Love,Sales-Software,"28 Feb, 2021 04:35:16","18 Apr, 2021 11:46:28"
15000091,Pete Zachriah,Lazar Mathew,Interest-Income,"26 Jul, 2019 01:40:02","02 Jan, 2020 04:15:28"
15000092,Joseph Cairn,Jasmine Frank,Sales-Software,"25 Nov, 2019 01:17:29","12 Oct, 2020 11:03:41"
15000093,Mary Zewe,Tina Thomas,,"23 Oct, 2020 10:10:13","05 Jan, 2021 12:25:20"
15000094,Steve Waugh,Lazar Mathew,Sales-Software,"29 Jul, 2019 03:00:27","21 Nov, 2019 07:32:23"
15000095,Dean Jones,Roger Terrence,Sales-Software,"18 Jun, 2020 09:16:51","18 Oct, 2020 12:23:29"
15000096,Maurice Satty,Augustine Paul,,"23 May, 2020 08:08:53","16 Aug, 2020 02:13:35"
15000097,Immaculate Anita,David Love,Sales-Software,"13 Aug, 2019 02:10:03","05 Jun, 2020 01:30:47"
15000098,Lela Donovan,Lazar Mathew,Rental-Income,"01 Mar, 2020 08:55:18","18 Mar, 2021 11:04:18"
15000099,Mathew Reese,Rozario Diego,Sales-Software,"01 Jun, 2019 02:41:26","08 Jul, 2019 06:18:31"
